Date,CPI,,,,,,,,,,,,,,,,,,,,,,,SP74641,SP74642,SP74643,SP74644,SP74645,SP74646,SP74647,SP74648
1/1/69,0.015434127,,,,,,,,,,,,,,,,,,,,,,,N/E,N/E,N/E,N/E,N/E,N/E,N/E,N/E
2/1/69,0.015489522,,,,,,,,,,,,,,,,,,,,,,,N/E,N/E,N/E,N/E,N/E,N/E,N/E,N/E
3/1/69,0.01550481,,,,,,,,,,,,,,,,,,,,,,,N/E,N/E,N/E,N/E,N/E,N/E,N/E,N/E
4/1/69,0.015546834,,,,,,,,,,,,,,,,,,,,,,,N/E,N/E,N/E,N/E,N/E,N/E,N/E,N/E
5/1/69,0.015546834,,,,,,,,,,,,,,,,,,,,,,,N/E,N/E,N/E,N/E,N/E,N/E,N/E,N/E
6/1/69,0.015602236,,,,,,,,,,,,,,,,,,,,,,,N/E,N/E,N/E,N/E,N/E,N/E,N/E,N/E
7/1/69,0.015661458,,,,,,,,,,,,,,,,,,,,,,,N/E,N/E,N/E,N/E,N/E,N/E,N/E,N/E
8/1/69,0.015678656,,,,,,,,,,,,,,,,,,,,,,,N/E,N/E,N/E,N/E,N/E,N/E,N/E,N/E
9/1/69,0.015825754,,,,,,,,,,,,,,,,,,,,,,,N/E,N/E,N/E,N/E,N/E,N/E,N/E,N/E
10/1/69,0.015991959,,,,,,,,,,,,,,,,,,,,,,,N/E,N/E,N/E,N/E,N/E,N/E,N/E,N/E
11/1/69,0.01599387,,,,,,,,,,,,,,,,,,,,,,,N/E,N/E,N/E,N/E,N/E,N/E,N/E,N/E
12/1/69,0.016114224,,,,,,,,,,,,,,,,,,,,,,,N/E,N/E,N/E,N/E,N/E,N/E,N/E,N/E
1/1/70,0.016236489,,,,,,,,,,,,,,,,,,,,,,,N/E,N/E,N/E,N/E,N/E,N/E,N/E,N/E
2/1/70,0.016234579,,,,,,,,,,,,,,,,,,,,,,,N/E,N/E,N/E,N/E,N/E,N/E,N/E,N/E
3/1/70,0.01628234,,,,,,,,,,,,,,,,,,,,,,,N/E,N/E,N/E,N/E,N/E,N/E,N/E,N/E
4/1/70,0.016303352,,,,,,,,,,,,,,,,,,,,,,,N/E,N/E,N/E,N/E,N/E,N/E,N/E,N/E
5/1/70,0.016337742,,,,,,,,,,,,,,,,,,,,,,,N/E,N/E,N/E,N/E,N/E,N/E,N/E,N/E
6/1/70,0.016437085,,,,,,,,,,,,,,,,,,,,,,,N/E,N/E,N/E,N/E,N/E,N/E,N/E,N/E
7/1/70,0.016517319,,,,,,,,,,,,,,,,,,,,,,,N/E,N/E,N/E,N/E,N/E,N/E,N/E,N/E
8/1/70,0.016593733,,,,,,,,,,,,,,,,,,,,,,,N/E,N/E,N/E,N/E,N/E,N/E,N/E,N/E
9/1/70,0.016633854,,,,,,,,,,,,,,,,,,,,,,,N/E,N/E,N/E,N/E,N/E,N/E,N/E,N/E
10/1/70,0.016639584,,,,,,,,,,,,,,,,,,,,,,,N/E,N/E,N/E,N/E,N/E,N/E,N/E,N/E
11/1/70,0.016729376,,,,,,,,,,,,,,,,,,,,,,,N/E,N/E,N/E,N/E,N/E,N/E,N/E,N/E
12/1/70,0.016870743,,,,,,,,,,,,,,,,,,,,,,,N/E,N/E,N/E,N/E,N/E,N/E,N/E,N/E
1/1/71,0.017036948,,,,,,,,,,,,,,,,,,,,,,,N/E,N/E,N/E,N/E,N/E,N/E,N/E,N/E
2/1/71,0.017107632,,,,,,,,,,,,,,,,,,,,,,,N/E,N/E,N/E,N/E,N/E,N/E,N/E,N/E
3/1/71,0.017172585,,,,,,,,,,,,,,,,,,,,,,,N/E,N/E,N/E,N/E,N/E,N/E,N/E,N/E
4/1/71,0.017260466,,,,,,,,,,,,,,,,,,,,,,,N/E,N/E,N/E,N/E,N/E,N/E,N/E,N/E
5/1/71,0.017296766,,,,,,,,,,,,,,,,,,,,,,,N/E,N/E,N/E,N/E,N/E,N/E,N/E,N/E
6/1/71,0.017375091,,,,,,,,,,,,,,,,,,,,,,,N/E,N/E,N/E,N/E,N/E,N/E,N/E,N/E
7/1/71,0.017361719,,,,,,,,,,,,,,,,,,,,,,,N/E,N/E,N/E,N/E,N/E,N/E,N/E,N/E
8/1/71,0.017520277,,,,,,,,,,,,,,,,,,,,,,,N/E,N/E,N/E,N/E,N/E,N/E,N/E,N/E
9/1/71,0.01757759,,,,,,,,,,,,,,,,,,,,,,,N/E,N/E,N/E,N/E,N/E,N/E,N/E,N/E
10/1/71,0.017594788,,,,,,,,,,,,,,,,,,,,,,,N/E,N/E,N/E,N/E,N/E,N/E,N/E,N/E
11/1/71,0.017623441,,,,,,,,,,,,,,,,,,,,,,,N/E,N/E,N/E,N/E,N/E,N/E,N/E,N/E
12/1/71,0.017707502,,,,,,,,,,,,,,,,,,,,,,,N/E,N/E,N/E,N/E,N/E,N/E,N/E,N/E
1/1/72,0.017785826,,,,,,,,,,,,,,,,,,,,,,,N/E,N/E,N/E,N/E,N/E,N/E,N/E,N/E
2/1/72,0.017841228,,,,,,,,,,,,,,,,,,,,,,,N/E,N/E,N/E,N/E,N/E,N/E,N/E,N/E
3/1/72,0.017938661,,,,,,,,,,,,,,,,,,,,,,,N/E,N/E,N/E,N/E,N/E,N/E,N/E,N/E
4/1/72,0.018051375,,,,,,,,,,,,,,,,,,,,,,,N/E,N/E,N/E,N/E,N/E,N/E,N/E,N/E
5/1/72,0.018087668,,,,,,,,,,,,,,,,,,,,,,,N/E,N/E,N/E,N/E,N/E,N/E,N/E,N/E
6/1/72,0.018221394,,,,,,,,,,,,,,,,,,,,,,,N/E,N/E,N/E,N/E,N/E,N/E,N/E,N/E
7/1/72,0.018290174,,,,,,,,,,,,,,,,,,,,,,,N/E,N/E,N/E,N/E,N/E,N/E,N/E,N/E
8/1/72,0.018410529,,,,,,,,,,,,,,,,,,,,,,,N/E,N/E,N/E,N/E,N/E,N/E,N/E,N/E
9/1/72,0.018494583,,,,,,,,,,,,,,,,,,,,,,,N/E,N/E,N/E,N/E,N/E,N/E,N/E,N/E
10/1/72,0.018507954,,,,,,,,,,,,,,,,,,,,,,,N/E,N/E,N/E,N/E,N/E,N/E,N/E,N/E
11/1/72,0.018628309,,,,,,,,,,,,,,,,,,,,,,,N/E,N/E,N/E,N/E,N/E,N/E,N/E,N/E
12/1/72,0.018691359,,,,,,,,,,,,,,,,,,,,,,,N/E,N/E,N/E,N/E,N/E,N/E,N/E,N/E
1/1/73,0.018962631,,,,,,,,,,,,,,,,,,,,,,,N/E,N/E,N/E,N/E,N/E,N/E,N/E,N/E
2/1/73,0.019119286,,,,,,,,,,,,,,,,,,,,,,,N/E,N/E,N/E,N/E,N/E,N/E,N/E,N/E
3/1/73,0.019287402,,,,,,,,,,,,,,,,,,,,,,,N/E,N/E,N/E,N/E,N/E,N/E,N/E,N/E
4/1/73,0.019593064,,,,,,,,,,,,,,,,,,,,,,,N/E,N/E,N/E,N/E,N/E,N/E,N/E,N/E
5/1/73,0.019801301,,,,,,,,,,,,,,,,,,,,,,,N/E,N/E,N/E,N/E,N/E,N/E,N/E,N/E
6/1/73,0.019963679,,,,,,,,,,,,,,,,,,,,,,,N/E,N/E,N/E,N/E,N/E,N/E,N/E,N/E
7/1/73,0.020475668,,,,,,,,,,,,,,,,,,,,,,,N/E,N/E,N/E,N/E,N/E,N/E,N/E,N/E
8/1/73,0.020804259,,,,,,,,,,,,,,,,,,,,,,,N/E,N/E,N/E,N/E,N/E,N/E,N/E,N/E
9/1/73,0.021299049,,,,,,,,,,,,,,,,,,,,,,,N/E,N/E,N/E,N/E,N/E,N/E,N/E,N/E
10/1/73,0.021572238,,,,,,,,,,,,,,,,,,,,,,,N/E,N/E,N/E,N/E,N/E,N/E,N/E,N/E
11/1/73,0.021837787,,,,,,,,,,,,,,,,,,,,,,,N/E,N/E,N/E,N/E,N/E,N/E,N/E,N/E
12/1/73,0.022686001,,,,,,,,,,,,,,,,,,,,,,,N/E,N/E,N/E,N/E,N/E,N/E,N/E,N/E
1/1/74,0.023497921,,,,,,,,,,,,,,,,,,,,,,,N/E,N/E,N/E,N/E,N/E,N/E,N/E,N/E
2/1/74,0.024029011,,,,,,,,,,,,,,,,,,,,,,,N/E,N/E,N/E,N/E,N/E,N/E,N/E,N/E
3/1/74,0.024214326,,,,,,,,,,,,,,,,,,,,,,,N/E,N/E,N/E,N/E,N/E,N/E,N/E,N/E
4/1/74,0.02454291,,,,,,,,,,,,,,,,,,,,,,,N/E,N/E,N/E,N/E,N/E,N/E,N/E,N/E
5/1/74,0.024735865,,,,,,,,,,,,,,,,,,,,,,,N/E,N/E,N/E,N/E,N/E,N/E,N/E,N/E
6/1/74,0.024980395,,,,,,,,,,,,,,,,,,,,,,,N/E,N/E,N/E,N/E,N/E,N/E,N/E,N/E
7/1/74,0.025341459,,,,,,,,,,,,,,,,,,,,,,,N/E,N/E,N/E,N/E,N/E,N/E,N/E,N/E
8/1/74,0.025608918,,,,,,,,,,,,,,,,,,,,,,,N/E,N/E,N/E,N/E,N/E,N/E,N/E,N/E
9/1/74,0.025899299,,,,,,,,,,,,,,,,,,,,,,,N/E,N/E,N/E,N/E,N/E,N/E,N/E,N/E
10/1/74,0.026413191,,,,,,,,,,,,,,,,,,,,,,,N/E,N/E,N/E,N/E,N/E,N/E,N/E,N/E
11/1/74,0.027146787,,,,,,,,,,,,,,,,,,,,,,,N/E,N/E,N/E,N/E,N/E,N/E,N/E,N/E
12/1/74,0.027358844,,,,,,,,,,,,,,,,,,,,,,,N/E,N/E,N/E,N/E,N/E,N/E,N/E,N/E
1/1/75,0.027708447,,,,,,,,,,,,,,,,,,,,,,,N/E,N/E,N/E,N/E,N/E,N/E,N/E,N/E
2/1/75,0.027861275,,,,,,,,,,,,,,,,,,,,,,,N/E,N/E,N/E,N/E,N/E,N/E,N/E,N/E
3/1/75,0.028037031,,,,,,,,,,,,,,,,,,,,,,,N/E,N/E,N/E,N/E,N/E,N/E,N/E,N/E
4/1/75,0.02827392,,,,,,,,,,,,,,,,,,,,,,,N/E,N/E,N/E,N/E,N/E,N/E,N/E,N/E
5/1/75,0.028652183,,,,,,,,,,,,,,,,,,,,,,,N/E,N/E,N/E,N/E,N/E,N/E,N/E,N/E
6/1/75,0.029139332,,,,,,,,,,,,,,,,,,,,,,,N/E,N/E,N/E,N/E,N/E,N/E,N/E,N/E
7/1/75,0.029372401,,,,,,,,,,,,,,,,,,,,,,,N/E,N/E,N/E,N/E,N/E,N/E,N/E,N/E
8/1/75,0.029626489,,,,,,,,,,,,,,,,,,,,,,,N/E,N/E,N/E,N/E,N/E,N/E,N/E,N/E
9/1/75,0.029842359,,,,,,,,,,,,,,,,,,,,,,,N/E,N/E,N/E,N/E,N/E,N/E,N/E,N/E
10/1/75,0.029995194,,,,,,,,,,,,,,,,,,,,,,,N/E,N/E,N/E,N/E,N/E,N/E,N/E,N/E
11/1/75,0.03020534,,,,,,,,,,,,,,,,,,,,,,,N/E,N/E,N/E,N/E,N/E,N/E,N/E,N/E
12/1/75,0.03045178,,,,,,,,,,,,,,,,,,,,,,,N/E,N/E,N/E,N/E,N/E,N/E,N/E,N/E
1/1/76,0.031040183,,,,,,,,,,,,,,,,,,,,,,,N/E,N/E,N/E,N/E,N/E,N/E,N/E,N/E
2/1/76,0.031620944,,,,,,,,,,,,,,,,,,,,,,,N/E,N/E,N/E,N/E,N/E,N/E,N/E,N/E
3/1/76,0.031930427,,,,,,,,,,,,,,,,,,,,,,,N/E,N/E,N/E,N/E,N/E,N/E,N/E,N/E
4/1/76,0.032153945,,,,,,,,,,,,,,,,,,,,,,,N/E,N/E,N/E,N/E,N/E,N/E,N/E,N/E
5/1/76,0.032379373,,,,,,,,,,,,,,,,,,,,,,,N/E,N/E,N/E,N/E,N/E,N/E,N/E,N/E
6/1/76,0.032509278,,,,,,,,,,,,,,,,,,,,,,,N/E,N/E,N/E,N/E,N/E,N/E,N/E,N/E
7/1/76,0.032784378,,,,,,,,,,,,,,,,,,,,,,,N/E,N/E,N/E,N/E,N/E,N/E,N/E,N/E
8/1/76,0.033097681,,,,,,,,,,,,,,,,,,,,,,,N/E,N/E,N/E,N/E,N/E,N/E,N/E,N/E
9/1/76,0.034226731,,,,,,,,,,,,,,,,,,,,,,,N/E,N/E,N/E,N/E,N/E,N/E,N/E,N/E
10/1/76,0.036154324,,,,,,,,,,,,,,,,,,,,,,,N/E,N/E,N/E,N/E,N/E,N/E,N/E,N/E
11/1/76,0.037787716,,,,,,,,,,,,,,,,,,,,,,,N/E,N/E,N/E,N/E,N/E,N/E,N/E,N/E
12/1/76,0.038735272,,,,,,,,,,,,,,,,,,,,,,,N/E,N/E,N/E,N/E,N/E,N/E,N/E,N/E
1/1/77,0.039969396,,,,,,,,,,,,,,,,,,,,,,,N/E,N/E,N/E,N/E,N/E,N/E,N/E,N/E
2/1/77,0.040851999,,,,,,,,,,,,,,,,,,,,,,,N/E,N/E,N/E,N/E,N/E,N/E,N/E,N/E
3/1/77,0.041564577,,,,,,,,,,,,,,,,,,,,,,,N/E,N/E,N/E,N/E,N/E,N/E,N/E,N/E
4/1/77,0.0421931,,,,,,,,,,,,,,,,,,,,,,,N/E,N/E,N/E,N/E,N/E,N/E,N/E,N/E
5/1/77,0.042563715,,,,,,,,,,,,,,,,,,,,,,,N/E,N/E,N/E,N/E,N/E,N/E,N/E,N/E
6/1/77,0.043085254,,,,,,,,,,,,,,,,,,,,,,,N/E,N/E,N/E,N/E,N/E,N/E,N/E,N/E
7/1/77,0.043572411,,,,,,,,,,,,,,,,,,,,,,,N/E,N/E,N/E,N/E,N/E,N/E,N/E,N/E
8/1/77,0.044466475,,,,,,,,,,,,,,,,,,,,,,,N/E,N/E,N/E,N/E,N/E,N/E,N/E,N/E
9/1/77,0.045255474,,,,,,,,,,,,,,,,,,,,,,,N/E,N/E,N/E,N/E,N/E,N/E,N/E,N/E
10/1/77,0.045601256,,,,,,,,,,,,,,,,,,,,,,,N/E,N/E,N/E,N/E,N/E,N/E,N/E,N/E
11/1/77,0.046099867,,,,,,,,,,,,,,,,,,,,,,,N/E,N/E,N/E,N/E,N/E,N/E,N/E,N/E
12/1/77,0.046737941,,,,,,,,,,,,,,,,,,,,,,,N/E,N/E,N/E,N/E,N/E,N/E,N/E,N/E
1/1/78,0.047777199,,,,,,,,,,,,,,,,,,,,,,,N/E,N/E,N/E,N/E,N/E,N/E,N/E,N/E
2/1/78,0.048463034,,,,,,,,,,,,,,,,,,,,,,,N/E,N/E,N/E,N/E,N/E,N/E,N/E,N/E
3/1/78,0.048967375,,,,,,,,,,,,,,,,,,,,,,,N/E,N/E,N/E,N/E,N/E,N/E,N/E,N/E
4/1/78,0.049511844,,,,,,,,,,,,,,,,,,,,,,,N/E,N/E,N/E,N/E,N/E,N/E,N/E,N/E
5/1/78,0.049997083,,,,,,,,,,,,,,,,,,,,,,,N/E,N/E,N/E,N/E,N/E,N/E,N/E,N/E
6/1/78,0.050684828,,,,,,,,,,,,,,,,,,,,,,,N/E,N/E,N/E,N/E,N/E,N/E,N/E,N/E
7/1/78,0.05154451,,,,,,,,,,,,,,,,,,,,,,,N/E,N/E,N/E,N/E,N/E,N/E,N/E,N/E
8/1/78,0.052058409,,,,,,,,,,,,,,,,,,,,,,,N/E,N/E,N/E,N/E,N/E,N/E,N/E,N/E
9/1/78,0.052652541,,,,,,,,,,,,,,,,,,,,,,,N/E,N/E,N/E,N/E,N/E,N/E,N/E,N/E
10/1/78,0.053290615,,,,,,,,,,,,,,,,,,,,,,,N/E,N/E,N/E,N/E,N/E,N/E,N/E,N/E
11/1/78,0.053838897,,,,,,,,,,,,,,,,,,,,,,,N/E,N/E,N/E,N/E,N/E,N/E,N/E,N/E
12/1/78,0.054295484,,,,,,,,,,,,,,,,,,,,,,,N/E,N/E,N/E,N/E,N/E,N/E,N/E,N/E
1/1/79,0.056223077,,,,,,,,,,,,,,,,,,,,,,,N/E,N/E,N/E,N/E,N/E,N/E,N/E,N/E
2/1/79,0.057031177,,,,,,,,,,,,,,,,,,,,,,,N/E,N/E,N/E,N/E,N/E,N/E,N/E,N/E
3/1/79,0.057804886,,,,,,,,,,,,,,,,,,,,,,,N/E,N/E,N/E,N/E,N/E,N/E,N/E,N/E
4/1/79,0.058322606,,,,,,,,,,,,,,,,,,,,,,,N/E,N/E,N/E,N/E,N/E,N/E,N/E,N/E
5/1/79,0.059086772,,,,,,,,,,,,,,,,,,,,,,,N/E,N/E,N/E,N/E,N/E,N/E,N/E,N/E
6/1/79,0.059742037,,,,,,,,,,,,,,,,,,,,,,,N/E,N/E,N/E,N/E,N/E,N/E,N/E,N/E
7/1/79,0.060466075,,,,,,,,,,,,,,,,,,,,,,,N/E,N/E,N/E,N/E,N/E,N/E,N/E,N/E
8/1/79,0.061381159,,,,,,,,,,,,,,,,,,,,,,,N/E,N/E,N/E,N/E,N/E,N/E,N/E,N/E
9/1/79,0.062133857,,,,,,,,,,,,,,,,,,,,,,,N/E,N/E,N/E,N/E,N/E,N/E,N/E,N/E
10/1/79,0.063218967,,,,,,,,,,,,,,,,,,,,,,,N/E,N/E,N/E,N/E,N/E,N/E,N/E,N/E
11/1/79,0.064032797,,,,,,,,,,,,,,,,,,,,,,,N/E,N/E,N/E,N/E,N/E,N/E,N/E,N/E
12/1/79,0.065165661,,,,,,,,,,,,,,,,,,,,,,,N/E,N/E,N/E,N/E,N/E,N/E,N/E,N/E
1/1/80,0.068342659,,,,,,,,,,,,,,,,,,,,,,,N/E,N/E,N/E,N/E,N/E,N/E,N/E,N/E
2/1/80,0.069922559,,,,,,,,,,,,,,,,,,,,,,,N/E,N/E,N/E,N/E,N/E,N/E,N/E,N/E
3/1/80,0.071361092,,,,,,,,,,,,,,,,,,,,,,,N/E,N/E,N/E,N/E,N/E,N/E,N/E,N/E
4/1/80,0.07260858,,,,,,,,,,,,,,,,,,,,,,,N/E,N/E,N/E,N/E,N/E,N/E,N/E,N/E
5/1/80,0.073793032,,,,,,,,,,,,,,,,,,,,,,,N/E,N/E,N/E,N/E,N/E,N/E,N/E,N/E
6/1/80,0.075256398,,,,,,,,,,,,,,,,,,,,,,,N/E,N/E,N/E,N/E,N/E,N/E,N/E,N/E
7/1/80,0.077357837,,,,,,,,,,,,,,,,,,,,,,,N/E,N/E,N/E,N/E,N/E,N/E,N/E,N/E
8/1/80,0.078960659,,,,,,,,,,,,,,,,,,,,,,,N/E,N/E,N/E,N/E,N/E,N/E,N/E,N/E
9/1/80,0.079837539,,,,,,,,,,,,,,,,,,,,,,,N/E,N/E,N/E,N/E,N/E,N/E,N/E,N/E
10/1/80,0.081046816,,,,,,,,,,,,,,,,,,,,,,,N/E,N/E,N/E,N/E,N/E,N/E,N/E,N/E
11/1/80,0.082452877,,,,,,,,,,,,,,,,,,,,,,,N/E,N/E,N/E,N/E,N/E,N/E,N/E,N/E
12/1/80,0.084615448,,,,,,,,,,,,,,,,,,,,,,,N/E,N/E,N/E,N/E,N/E,N/E,N/E,N/E
1/1/81,0.08734159,,,,,,,,,,,,,,,,,,,,,,,N/E,N/E,N/E,N/E,N/E,N/E,N/E,N/E
2/1/81,0.08948697,,,,,,,,,,,,,,,,,,,,,,,N/E,N/E,N/E,N/E,N/E,N/E,N/E,N/E
3/1/81,0.091401185,,,,,,,,,,,,,,,,,,,,,,,N/E,N/E,N/E,N/E,N/E,N/E,N/E,N/E
4/1/81,0.09346251,,,,,,,,,,,,,,,,,,,,,,,N/E,N/E,N/E,N/E,N/E,N/E,N/E,N/E
5/1/81,0.094876204,,,,,,,,,,,,,,,,,,,,,,,N/E,N/E,N/E,N/E,N/E,N/E,N/E,N/E
6/1/81,0.096202023,,,,,,,,,,,,,,,,,,,,,,,N/E,N/E,N/E,N/E,N/E,N/E,N/E,N/E
7/1/81,0.097896547,,,,,,,,,,,,,,,,,,,,,,,N/E,N/E,N/E,N/E,N/E,N/E,N/E,N/E
8/1/81,0.099913932,,,,,,,,,,,,,,,,,,,,,,,N/E,N/E,N/E,N/E,N/E,N/E,N/E,N/E
9/1/81,0.101772751,,,,,,,,,,,,,,,,,,,,,,,N/E,N/E,N/E,N/E,N/E,N/E,N/E,N/E
10/1/81,0.104030846,,,,,,,,,,,,,,,,,,,,,,,N/E,N/E,N/E,N/E,N/E,N/E,N/E,N/E
11/1/81,0.106032942,,,,,,,,,,,,,,,,,,,,,,,N/E,N/E,N/E,N/E,N/E,N/E,N/E,N/E
12/1/81,0.108887079,,,,,,,,,,,,,,,,,,,,,,,N/E,N/E,N/E,N/E,N/E,N/E,N/E,N/E
1/1/82,0.114297332,,,,,,,,,,,,,,,,,,,,,,,N/E,N/E,N/E,N/E,N/E,N/E,N/E,N/E
2/1/82,0.118788688,,,,,,,,,,,,,,,,,,,,,,,N/E,N/E,N/E,N/E,N/E,N/E,N/E,N/E
3/1/82,0.123127202,,,,,,,,,,,,,,,,,,,,,,,N/E,N/E,N/E,N/E,N/E,N/E,N/E,N/E
4/1/82,0.129800232,,,,,,,,,,,,,,,,,,,,,,,N/E,N/E,N/E,N/E,N/E,N/E,N/E,N/E
5/1/82,0.137096053,,,,,,,,,,,,,,,,,,,,,,,N/E,N/E,N/E,N/E,N/E,N/E,N/E,N/E
6/1/82,0.143700303,,,,,,,,,,,,,,,,,,,,,,,N/E,N/E,N/E,N/E,N/E,N/E,N/E,N/E
7/1/82,0.151105018,,,,,,,,,,,,,,,,,,,,,,,N/E,N/E,N/E,N/E,N/E,N/E,N/E,N/E
8/1/82,0.168061726,,,,,,,,,,,,,,,,,,,,,,,N/E,N/E,N/E,N/E,N/E,N/E,N/E,N/E
9/1/82,0.177032969,,,,,,,,,,,,,,,,,,,,,,,N/E,N/E,N/E,N/E,N/E,N/E,N/E,N/E
10/1/82,0.186210533,,,,,,,,,,,,,,,,,,,,,,,N/E,N/E,N/E,N/E,N/E,N/E,N/E,N/E
11/1/82,0.195624985,,,,,,,,,,,,,,,,,,,,,,,N/E,N/E,N/E,N/E,N/E,N/E,N/E,N/E
12/1/82,0.216515209,,,,,,,,,,,,,,,,,,,,,,,N/E,N/E,N/E,N/E,N/E,N/E,N/E,N/E
1/1/83,0.240074262,,,,,,,,,,,,,,,,,,,,,,,N/E,N/E,N/E,N/E,N/E,N/E,N/E,N/E
2/1/83,0.252958004,,,,,,,,,,,,,,,,,,,,,,,N/E,N/E,N/E,N/E,N/E,N/E,N/E,N/E
3/1/83,0.265201761,,,,,,,,,,,,,,,,,,,,,,,N/E,N/E,N/E,N/E,N/E,N/E,N/E,N/E
4/1/83,0.281992263,,,,,,,,,,,,,,,,,,,,,,,N/E,N/E,N/E,N/E,N/E,N/E,N/E,N/E
5/1/83,0.294222649,,,,,,,,,,,,,,,,,,,,,,,N/E,N/E,N/E,N/E,N/E,N/E,N/E,N/E
6/1/83,0.305364105,,,,,,,,,,,,,,,,,,,,,,,N/E,N/E,N/E,N/E,N/E,N/E,N/E,N/E
7/1/83,0.320461993,,,,,,,,,,,,,,,,,,,,,,,N/E,N/E,N/E,N/E,N/E,N/E,N/E,N/E
8/1/83,0.332900609,,,,,,,,,,,,,,,,,,,,,,,N/E,N/E,N/E,N/E,N/E,N/E,N/E,N/E
9/1/83,0.34314609,,,,,,,,,,,,,,,,,,,,,,,N/E,N/E,N/E,N/E,N/E,N/E,N/E,N/E
10/1/83,0.35453207,,,,,,,,,,,,,,,,,,,,,,,N/E,N/E,N/E,N/E,N/E,N/E,N/E,N/E
11/1/83,0.375353527,,,,,,,,,,,,,,,,,,,,,,,N/E,N/E,N/E,N/E,N/E,N/E,N/E,N/E
12/1/83,0.391412349,,,,,,,,,,,,,,,,,,,,,,,N/E,N/E,N/E,N/E,N/E,N/E,N/E,N/E
1/1/84,0.41627812,,,,,,,,,,,,,,,,,,,,,,,N/E,N/E,N/E,N/E,N/E,N/E,N/E,N/E
2/1/84,0.438247723,,,,,,,,,,,,,,,,,,,,,,,N/E,N/E,N/E,N/E,N/E,N/E,N/E,N/E
3/1/84,0.456979195,,,,,,,,,,,,,,,,,,,,,,,N/E,N/E,N/E,N/E,N/E,N/E,N/E,N/E
4/1/84,0.476748016,,,,,,,,,,,,,,,,,,,,,,,N/E,N/E,N/E,N/E,N/E,N/E,N/E,N/E
5/1/84,0.492556578,,,,,,,,,,,,,,,,,,,,,,,N/E,N/E,N/E,N/E,N/E,N/E,N/E,N/E
6/1/84,0.510382524,,,,,,,,,,,,,,,,,,,,,,,N/E,N/E,N/E,N/E,N/E,N/E,N/E,N/E
7/1/84,0.52711381,,,,,,,,,,,,,,,,,,,,,,,N/E,N/E,N/E,N/E,N/E,N/E,N/E,N/E
8/1/84,0.542097074,,,,,,,,,,,,,,,,,,,,,,,N/E,N/E,N/E,N/E,N/E,N/E,N/E,N/E
9/1/84,0.558245688,,,,,,,,,,,,,,,,,,,,,,,N/E,N/E,N/E,N/E,N/E,N/E,N/E,N/E
10/1/84,0.577750878,,,,,,,,,,,,,,,,,,,,,,,N/E,N/E,N/E,N/E,N/E,N/E,N/E,N/E
11/1/84,0.597578921,,,,,,,,,,,,,,,,,,,,,,,N/E,N/E,N/E,N/E,N/E,N/E,N/E,N/E
12/1/84,0.62295859,,,,,,,,,,,,,,,,,,,,,,,N/E,N/E,N/E,N/E,N/E,N/E,N/E,N/E
1/1/85,0.669169261,,,,,,,,,,,,,,,,,,,,,,,N/E,N/E,N/E,N/E,N/E,N/E,N/E,N/E
2/1/85,0.696969403,,,,,,,,,,,,,,,,,,,,,,,N/E,N/E,N/E,N/E,N/E,N/E,N/E,N/E
3/1/85,0.723976733,,,,,,,,,,,,,,,,,,,,,,,N/E,N/E,N/E,N/E,N/E,N/E,N/E,N/E
4/1/85,0.746253908,,,,,,,,,,,,,,,,,,,,,,,N/E,N/E,N/E,N/E,N/E,N/E,N/E,N/E
5/1/85,0.763932751,,,,,,,,,,,,,,,,,,,,,,,N/E,N/E,N/E,N/E,N/E,N/E,N/E,N/E
6/1/85,0.783065408,,,,,,,,,,,,,,,,,,,,,,,N/E,N/E,N/E,N/E,N/E,N/E,N/E,N/E
7/1/85,0.81033637,,,,,,,,,,,,,,,,,,,,,,,N/E,N/E,N/E,N/E,N/E,N/E,N/E,N/E
8/1/85,0.845762835,,,,,,,,,,,,,,,,,,,,,,,N/E,N/E,N/E,N/E,N/E,N/E,N/E,N/E
9/1/85,0.87954062,,,,,,,,,,,,,,,,,,,,,,,N/E,N/E,N/E,N/E,N/E,N/E,N/E,N/E
10/1/85,0.912951611,,,,,,,,,,,,,,,,,,,,,,,N/E,N/E,N/E,N/E,N/E,N/E,N/E,N/E
11/1/85,0.955072111,,,,,,,,,,,,,,,,,,,,,,,N/E,N/E,N/E,N/E,N/E,N/E,N/E,N/E
12/1/85,1.020090675,,,,,,,,,,,,,,,,,,,,,,,N/E,N/E,N/E,N/E,N/E,N/E,N/E,N/E
1/1/86,1.110276851,,,,,,,,,,,,,,,,,,,,,,,N/E,N/E,N/E,N/E,N/E,N/E,N/E,N/E
2/1/86,1.15963777,,,,,,,,,,,,,,,,,,,,,,,N/E,N/E,N/E,N/E,N/E,N/E,N/E,N/E
3/1/86,1.2135378,,,,,,,,,,,,,,,,,,,,,,,N/E,N/E,N/E,N/E,N/E,N/E,N/E,N/E
4/1/86,1.276894313,,,,,,,,,,,,,,,,,,,,,,,N/E,N/E,N/E,N/E,N/E,N/E,N/E,N/E
5/1/86,1.34785231,,,,,,,,,,,,,,,,,,,,,,,N/E,N/E,N/E,N/E,N/E,N/E,N/E,N/E
6/1/86,1.434370512,,,,,,,,,,,,,,,,,,,,,,,N/E,N/E,N/E,N/E,N/E,N/E,N/E,N/E
7/1/86,1.50593984,,,,,,,,,,,,,,,,,,,,,,,N/E,N/E,N/E,N/E,N/E,N/E,N/E,N/E
8/1/86,1.626004669,,,,,,,,,,,,,,,,,,,,,,,N/E,N/E,N/E,N/E,N/E,N/E,N/E,N/E
9/1/86,1.723549709,,,,,,,,,,,,,,,,,,,,,,,N/E,N/E,N/E,N/E,N/E,N/E,N/E,N/E
10/1/86,1.822069042,,,,,,,,,,,,,,,,,,,,,,,N/E,N/E,N/E,N/E,N/E,N/E,N/E,N/E
11/1/86,1.945171412,,,,,,,,,,,,,,,,,,,,,,,N/E,N/E,N/E,N/E,N/E,N/E,N/E,N/E
12/1/86,2.098822995,,,,,,,,,,,,,,,,,,,,,,,N/E,N/E,N/E,N/E,N/E,N/E,N/E,N/E
1/1/87,2.268762649,,,,,,,,,,,,,,,,,,,,,,,N/E,N/E,N/E,N/E,N/E,N/E,N/E,N/E
2/1/87,2.432470572,,,,,,,,,,,,,,,,,,,,,,,N/E,N/E,N/E,N/E,N/E,N/E,N/E,N/E
3/1/87,2.593225021,,,,,,,,,,,,,,,,,,,,,,,N/E,N/E,N/E,N/E,N/E,N/E,N/E,N/E
4/1/87,2.820119431,,,,,,,,,,,,,,,,,,,,,,,N/E,N/E,N/E,N/E,N/E,N/E,N/E,N/E
5/1/87,3.032724052,,,,,,,,,,,,,,,,,,,,,,,N/E,N/E,N/E,N/E,N/E,N/E,N/E,N/E
6/1/87,3.252120148,,,,,,,,,,,,,,,,,,,,,,,N/E,N/E,N/E,N/E,N/E,N/E,N/E,N/E
7/1/87,3.515516574,,,,,,,,,,,,,,,,,,,,,,,N/E,N/E,N/E,N/E,N/E,N/E,N/E,N/E
8/1/87,3.802838856,,,,,,,,,,,,,,,,,,,,,,,N/E,N/E,N/E,N/E,N/E,N/E,N/E,N/E
9/1/87,4.053368746,,,,,,,,,,,,,,,,,,,,,,,N/E,N/E,N/E,N/E,N/E,N/E,N/E,N/E
10/1/87,4.391158069,,,,,,,,,,,,,,,,,,,,,,,N/E,N/E,N/E,N/E,N/E,N/E,N/E,N/E
11/1/87,4.739467965,,,,,,,,,,,,,,,,,,,,,,,N/E,N/E,N/E,N/E,N/E,N/E,N/E,N/E
12/1/87,5.439478729,,,,,,,,,,,,,,,,,,,,,,,N/E,N/E,N/E,N/E,N/E,N/E,N/E,N/E
1/1/88,6.28055153,,,,,,,,,,,,,,,,,,,,,,,N/E,N/E,N/E,N/E,N/E,N/E,N/E,N/E
2/1/88,6.80439664,,,,,,,,,,,,,,,,,,,,,,,N/E,N/E,N/E,N/E,N/E,N/E,N/E,N/E
3/1/88,7.152836449,,,,,,,,,,,,,,,,,,,,,,,N/E,N/E,N/E,N/E,N/E,N/E,N/E,N/E
4/1/88,7.372994794,,,,,,,,,,,,,,,,,,,,,,,N/E,N/E,N/E,N/E,N/E,N/E,N/E,N/E
5/1/88,7.515648197,,,,,,,,,,,,,,,,,,,,,,,N/E,N/E,N/E,N/E,N/E,N/E,N/E,N/E
6/1/88,7.668971189,,,,,,,,,,,,,,,,,,,,,,,N/E,N/E,N/E,N/E,N/E,N/E,N/E,N/E
7/1/88,7.796977554,,,,,,,,,,,,,,,,,,,,,,,N/E,N/E,N/E,N/E,N/E,N/E,N/E,N/E
8/1/88,7.86870735,,,,,,,,,,,,,,,,,,,,,,,N/E,N/E,N/E,N/E,N/E,N/E,N/E,N/E
9/1/88,7.913693455,,,,,,,,,,,,,,,,,,,,,,,N/E,N/E,N/E,N/E,N/E,N/E,N/E,N/E
10/1/88,7.974056367,,,,,,,,,,,,,,,,,,,,,,,N/E,N/E,N/E,N/E,N/E,N/E,N/E,N/E
11/1/88,8.080769414,,,,,,,,,,,,,,,,,,,,,,,N/E,N/E,N/E,N/E,N/E,N/E,N/E,N/E
12/1/88,8.249371787,,,,,,,,,,,,,,,,,,,,,,,N/E,N/E,N/E,N/E,N/E,N/E,N/E,N/E
1/1/89,8.451312551,,,,,,,,,,,,,,,,,,,,,,,N/E,N/E,N/E,N/E,N/E,N/E,N/E,N/E
2/1/89,8.566001517,,,,,,,,,,,,,,,,,,,,,,,N/E,N/E,N/E,N/E,N/E,N/E,N/E,N/E
3/1/89,8.658862254,,,,,,,,,,,,,,,,,,,,,,,N/E,N/E,N/E,N/E,N/E,N/E,N/E,N/E
4/1/89,8.788353003,,,,,,,,,,,,,,,,,,,,,,,N/E,N/E,N/E,N/E,N/E,N/E,N/E,N/E
5/1/89,8.909317634,,,,,,,,,,,,,,,,,,,,,,,N/E,N/E,N/E,N/E,N/E,N/E,N/E,N/E
6/1/89,9.017518878,,,,,,,,,,,,,,,,,,,,,,,N/E,N/E,N/E,N/E,N/E,N/E,N/E,N/E
7/1/89,9.107720335,,,,,,,,,,,,,,,,,,,,,,,N/E,N/E,N/E,N/E,N/E,N/E,N/E,N/E
8/1/89,9.194488804,,,,,,,,,,,,,,,,,,,,,,,N/E,N/E,N/E,N/E,N/E,N/E,N/E,N/E
9/1/89,9.282422617,,,,,,,,,,,,,,,,,,,,,,,N/E,N/E,N/E,N/E,N/E,N/E,N/E,N/E
10/1/89,9.419703978,,,,,,,,,,,,,,,,,,,,,,,N/E,N/E,N/E,N/E,N/E,N/E,N/E,N/E
11/1/89,9.55192469,,,,,,,,,,,,,,,,,,,,,,,N/E,N/E,N/E,N/E,N/E,N/E,N/E,N/E
12/1/89,9.874287533,,,,,,,,,,,,,,,,,,,,,,,N/E,N/E,N/E,N/E,N/E,N/E,N/E,N/E
1/1/90,10.35083877,,,,,,,,,,,,,,,,,,,,,,,N/E,N/E,N/E,N/E,N/E,N/E,N/E,N/E
2/1/90,10.58522578,,,,,,,,,,,,,,,,,,,,,,,N/E,N/E,N/E,N/E,N/E,N/E,N/E,N/E
3/1/90,10.77183558,,,,,,,,,,,,,,,,,,,,,,,N/E,N/E,N/E,N/E,N/E,N/E,N/E,N/E
4/1/90,10.93577849,,,,,,,,,,,,,,,,,,,,,,,N/E,N/E,N/E,N/E,N/E,N/E,N/E,N/E
5/1/90,11.12661601,,,,,,,,,,,,,,,,,,,,,,,N/E,N/E,N/E,N/E,N/E,N/E,N/E,N/E
6/1/90,11.37167642,,,,,,,,,,,,,,,,,,,,,,,N/E,N/E,N/E,N/E,N/E,N/E,N/E,N/E
7/1/90,11.57905991,,,,,,,,,,,,,,,,,,,,,,,N/E,N/E,N/E,N/E,N/E,N/E,N/E,N/E
8/1/90,11.77635267,,,,,,,,,,,,,,,,,,,,,,,N/E,N/E,N/E,N/E,N/E,N/E,N/E,N/E
9/1/90,11.94422145,,,,,,,,,,,,,,,,,,,,,,,N/E,N/E,N/E,N/E,N/E,N/E,N/E,N/E
10/1/90,12.11593396,,,,,,,,,,,,,,,,,,,,,,,N/E,N/E,N/E,N/E,N/E,N/E,N/E,N/E
11/1/90,12.4376167,,,,,,,,,,,,,,,,,,,,,,,N/E,N/E,N/E,N/E,N/E,N/E,N/E,N/E
12/1/90,12.82961936,,,,,,,,,,,,,,,,,,,,,,,N/E,N/E,N/E,N/E,N/E,N/E,N/E,N/E
1/1/91,13.15663021,,,,,,,,,,,,,,,,,,,,,,,N/E,N/E,N/E,N/E,N/E,N/E,N/E,N/E
2/1/91,13.38630808,,,,,,,,,,,,,,,,,,,,,,,N/E,N/E,N/E,N/E,N/E,N/E,N/E,N/E
3/1/91,13.57721055,,,,,,,,,,,,,,,,,,,,,,,N/E,N/E,N/E,N/E,N/E,N/E,N/E,N/E
4/1/91,13.71943793,,,,,,,,,,,,,,,,,,,,,,,N/E,N/E,N/E,N/E,N/E,N/E,N/E,N/E
5/1/91,13.85355376,,,,,,,,,,,,,,,,,,,,,,,N/E,N/E,N/E,N/E,N/E,N/E,N/E,N/E
6/1/91,13.99891993,,,,,,,,,,,,,,,,,,,,,,,N/E,N/E,N/E,N/E,N/E,N/E,N/E,N/E
7/1/91,14.12262981,,,,,,,,,,,,,,,,,,,,,,,N/E,N/E,N/E,N/E,N/E,N/E,N/E,N/E
8/1/91,14.22091799,,,,,,,,,,,,,,,,,,,,,,,N/E,N/E,N/E,N/E,N/E,N/E,N/E,N/E
9/1/91,14.36258563,,,,,,,,,,,,,,,,,,,,,,,N/E,N/E,N/E,N/E,N/E,N/E,N/E,N/E
10/1/91,14.52963103,,,,,,,,,,,,,,,,,,,,,,,N/E,N/E,N/E,N/E,N/E,N/E,N/E,N/E
11/1/91,14.89040629,,,,,,,,,,,,,,,,,,,,,,,N/E,N/E,N/E,N/E,N/E,N/E,N/E,N/E
12/1/91,15.24089786,,,,,,,,,,,,,,,,,,,,,,,N/E,N/E,N/E,N/E,N/E,N/E,N/E,N/E
1/1/92,15.51790207,,,,,,,,,,,,,,,,,,,,,,,N/E,N/E,N/E,N/E,N/E,N/E,N/E,N/E
2/1/92,15.70175899,,,,,,,,,,,,,,,,,,,,,,,N/E,N/E,N/E,N/E,N/E,N/E,N/E,N/E
3/1/92,15.86155633,,,,,,,,,,,,,,,,,,,,,,,N/E,N/E,N/E,N/E,N/E,N/E,N/E,N/E
4/1/92,16.00295269,,,,,,,,,,,,,,,,,,,,,,,N/E,N/E,N/E,N/E,N/E,N/E,N/E,N/E
5/1/92,16.10846601,,,,,,,,,,,,,,,,,,,,,,,N/E,N/E,N/E,N/E,N/E,N/E,N/E,N/E
6/1/92,16.21749445,,,,,,,,,,,,,,,,,,,,,,,N/E,N/E,N/E,N/E,N/E,N/E,N/E,N/E
7/1/92,16.31989382,,,,,,,,,,,,,,,,,,,,,,,N/E,N/E,N/E,N/E,N/E,N/E,N/E,N/E
8/1/92,16.42015353,,,,,,,,,,,,,,,,,,,,,,,N/E,N/E,N/E,N/E,N/E,N/E,N/E,N/E
9/1/92,16.56298842,,,,,,,,,,,,,,,,,,,,,,,N/E,N/E,N/E,N/E,N/E,N/E,N/E,N/E
10/1/92,16.6822528,,,,,,,,,,,,,,,,,,,,,,,N/E,N/E,N/E,N/E,N/E,N/E,N/E,N/E
11/1/92,16.82085807,,,,,,,,,,,,,,,,,,,,,,,N/E,N/E,N/E,N/E,N/E,N/E,N/E,N/E
12/1/92,17.06037067,,,,,,,,,,,,,,,,,,,,,,,N/E,N/E,N/E,N/E,N/E,N/E,N/E,N/E
1/1/93,17.27436988,,,,,,,,,,,,,,,,,,,,,,,N/E,N/E,N/E,N/E,N/E,N/E,N/E,N/E
2/1/93,17.41550261,,,,,,,,,,,,,,,,,,,,,,,N/E,N/E,N/E,N/E,N/E,N/E,N/E,N/E
3/1/93,17.51699835,,,,,,,,,,,,,,,,,,,,,,,N/E,N/E,N/E,N/E,N/E,N/E,N/E,N/E
4/1/93,17.61801267,,,,,,,,,,,,,,,,,,,,,,,N/E,N/E,N/E,N/E,N/E,N/E,N/E,N/E
5/1/93,17.71872134,,,,,,,,,,,,,,,,,,,,,,,N/E,N/E,N/E,N/E,N/E,N/E,N/E,N/E
6/1/93,17.81810227,,,,,,,,,,,,,,,,,,,,,,,N/E,N/E,N/E,N/E,N/E,N/E,N/E,N/E
7/1/93,17.90372831,,,,,,,,,,,,,,,,,,,,,,,N/E,N/E,N/E,N/E,N/E,N/E,N/E,N/E
8/1/93,17.99955398,,,,,,,,,,,,,,,,,,,,,,,N/E,N/E,N/E,N/E,N/E,N/E,N/E,N/E
9/1/93,18.13286363,,,,,,,,,,,,,,,,,,,,,,,N/E,N/E,N/E,N/E,N/E,N/E,N/E,N/E
10/1/93,18.20702345,,,,,,,,,,,,,,,,,,,,,,,N/E,N/E,N/E,N/E,N/E,N/E,N/E,N/E
11/1/93,18.28732903,,,,,,,,,,,,,,,,,,,,,,,N/E,N/E,N/E,N/E,N/E,N/E,N/E,N/E
12/1/93,18.42676723,,,,,,,,,,,,,,,,,,,,,,,N/E,N/E,N/E,N/E,N/E,N/E,N/E,N/E
1/1/94,18.56962314,,,,,,,,,,,,,,,,,,,,,,,N/E,N/E,N/E,N/E,N/E,N/E,N/E,N/E
2/1/94,18.66512978,,,,,,,,,,,,,,,,,,,,,,,N/E,N/E,N/E,N/E,N/E,N/E,N/E,N/E
3/1/94,18.76110447,,,,,,,,,,,,,,,,,,,,,,,N/E,N/E,N/E,N/E,N/E,N/E,N/E,N/E
4/1/94,18.85298708,,,,,,,,,,,,,,,,,,,,,,,N/E,N/E,N/E,N/E,N/E,N/E,N/E,N/E
5/1/94,18.94407687,,,,,,,,,,,,,,,,,,,,,,,N/E,N/E,N/E,N/E,N/E,N/E,N/E,N/E
6/1/94,19.03886902,,,,,,,,,,,,,,,,,,,,,,,N/E,N/E,N/E,N/E,N/E,N/E,N/E,N/E
7/1/94,19.12330489,,,,,,,,,,,,,,,,,,,,,,,N/E,N/E,N/E,N/E,N/E,N/E,N/E,N/E
8/1/94,19.21243652,,,,,,,,,,,,,,,,,,,,,,,N/E,N/E,N/E,N/E,N/E,N/E,N/E,N/E
9/1/94,19.34907599,,,,,,,,,,,,,,,,,,,,,,,N/E,N/E,N/E,N/E,N/E,N/E,N/E,N/E
10/1/94,19.45065197,,,,,,,,,,,,,,,,,,,,,,,N/E,N/E,N/E,N/E,N/E,N/E,N/E,N/E
11/1/94,19.55463314,,,,,,,,,,,,,,,,,,,,,,,N/E,N/E,N/E,N/E,N/E,N/E,N/E,N/E
12/1/94,19.72613932,,,,,,,,,,,,,,,,,,,,,,,N/E,N/E,N/E,N/E,N/E,N/E,N/E,N/E
1/1/95,20.46862019,,,,,,,,,,,,,,,,,,,,,,,N/E,N/E,N/E,N/E,N/E,N/E,N/E,N/E
2/1/95,21.33613293,,,,,,,,,,,,,,,,,,,,,,,N/E,N/E,N/E,N/E,N/E,N/E,N/E,N/E
3/1/95,22.59392133,,,,,,,,,,,,,,,,,,,,,,,N/E,N/E,N/E,N/E,N/E,N/E,N/E,N/E
4/1/95,24.3942825,,,,,,,,,,,,,,,,,,,,,,,N/E,N/E,N/E,N/E,N/E,N/E,N/E,N/E
5/1/95,25.4138631,,,,,,,,,,,,,,,,,,,,,,,N/E,N/E,N/E,N/E,N/E,N/E,N/E,N/E
6/1/95,26.22043406,,,,,,,,,,,,,,,,,,,,,,,N/E,N/E,N/E,N/E,N/E,N/E,N/E,N/E
7/1/95,26.75496405,,,,,,,,,,,,,,,,,,,,,,,N/E,N/E,N/E,N/E,N/E,N/E,N/E,N/E
8/1/95,27.19875002,,,,,,,,,,,,,,,,,,,,,,,N/E,N/E,N/E,N/E,N/E,N/E,N/E,N/E
9/1/95,27.76136288,,,,,,,,,,,,,,,,,,,,,,,N/E,N/E,N/E,N/E,N/E,N/E,N/E,N/E
10/1/95,28.33257255,,,,,,,,,,,,,,,,,,,,,,,N/E,N/E,N/E,N/E,N/E,N/E,N/E,N/E
11/1/95,29.03120591,,,,,,,,,,,,,,,,,,,,,,,N/E,N/E,N/E,N/E,N/E,N/E,N/E,N/E
12/1/95,29.97704506,,,,,,,,,,,,,,,,,,,,,,,N/E,N/E,N/E,N/E,N/E,N/E,N/E,N/E
1/1/96,31.05470183,,,,,,,,,,,,,,,,,,,,,,,N/E,N/E,N/E,N/E,N/E,N/E,N/E,N/E
2/1/96,31.77950767,,,,,,,,,,,,,,,,,,,,,,,N/E,N/E,N/E,N/E,N/E,N/E,N/E,N/E
3/1/96,32.47909623,,,,,,,,,,,,,,,,,,,,,,,N/E,N/E,N/E,N/E,N/E,N/E,N/E,N/E
4/1/96,33.40239265,,,,,,,,,,,,,,,,,,,,,,,N/E,N/E,N/E,N/E,N/E,N/E,N/E,N/E
5/1/96,34.01123721,,,,,,,,,,,,,,,,,,,,,,,N/E,N/E,N/E,N/E,N/E,N/E,N/E,N/E
6/1/96,34.56506223,,,,,,,,,,,,,,,,,,,,,,,N/E,N/E,N/E,N/E,N/E,N/E,N/E,N/E
7/1/96,35.05641717,,,,,,,,,,,,,,,,,,,,,,,N/E,N/E,N/E,N/E,N/E,N/E,N/E,N/E
8/1/96,35.52236378,,,,,,,,,,,,,,,,,,,,,,,N/E,N/E,N/E,N/E,N/E,N/E,N/E,N/E
9/1/96,36.09032576,,,,,,,,,,,,,,,,,,,,,,,N/E,N/E,N/E,N/E,N/E,N/E,N/E,N/E
10/1/96,36.54079814,,,,,,,,,,,,,,,,,,,,,,,N/E,N/E,N/E,N/E,N/E,N/E,N/E,N/E
11/1/96,37.09443212,,,,,,,,,,,,,,,,,,,,,,,N/E,N/E,N/E,N/E,N/E,N/E,N/E,N/E
12/1/96,38.28212794,,,,,,,,,,,,,,,,,,,,,,,N/E,N/E,N/E,N/E,N/E,N/E,N/E,N/E
1/1/97,39.26655717,,,,,,,,,,,,,,,,,,,,,,,N/E,N/E,N/E,N/E,N/E,N/E,N/E,N/E
2/1/97,39.92640941,,,,,,,,,,,,,,,,,,,,,,,N/E,N/E,N/E,N/E,N/E,N/E,N/E,N/E
3/1/97,40.4233045,,,,,,,,,,,,,,,,,,,,,,,N/E,N/E,N/E,N/E,N/E,N/E,N/E,N/E
4/1/97,40.860022,,,,,,,,,,,,,,,,,,,,,,,N/E,N/E,N/E,N/E,N/E,N/E,N/E,N/E
5/1/97,41.23293212,,,,,,,,,,,,,,,,,,,,,,,N/E,N/E,N/E,N/E,N/E,N/E,N/E,N/E
6/1/97,41.59877377,,,,,,,,,,,,,,,,,,,,,,,N/E,N/E,N/E,N/E,N/E,N/E,N/E,N/E
7/1/97,41.96117668,,,,,,,,,,,,,,,,,,,,,,,N/E,N/E,N/E,N/E,N/E,N/E,N/E,N/E
8/1/97,42.33427784,,,,,,,,,,,,,,,,,,,,,,,N/E,N/E,N/E,N/E,N/E,N/E,N/E,N/E
9/1/97,42.86154831,,,,,,,,,,,,,,,,,,,,,,,N/E,N/E,N/E,N/E,N/E,N/E,N/E,N/E
10/1/97,43.20408307,,,,,,,,,,,,,,,,,,,,,,,N/E,N/E,N/E,N/E,N/E,N/E,N/E,N/E
11/1/97,43.68741432,,,,,,,,,,,,,,,,,,,,,,,N/E,N/E,N/E,N/E,N/E,N/E,N/E,N/E
12/1/97,44.29950655,,,,,,,,,,,,,,,,,,,,,,,N/E,N/E,N/E,N/E,N/E,N/E,N/E,N/E
1/1/98,45.26330346,,,,,,,,,,,,,,,,,,,,,,,N/E,N/E,N/E,N/E,N/E,N/E,N/E,N/E
2/1/98,46.05573748,,,,,,,,,,,,,,,,,,,,,,,N/E,N/E,N/E,N/E,N/E,N/E,N/E,N/E
3/1/98,46.5952345,,,,,,,,,,,,,,,,,,,,,,,N/E,N/E,N/E,N/E,N/E,N/E,N/E,N/E
4/1/98,47.03118783,,,,,,,,,,,,,,,,,,,,,,,N/E,N/E,N/E,N/E,N/E,N/E,N/E,N/E
5/1/98,47.40581731,,,,,,,,,,,,,,,,,,,,,,,N/E,N/E,N/E,N/E,N/E,N/E,N/E,N/E
6/1/98,47.9661377,,,,,,,,,,,,,,,,,,,,,,,N/E,N/E,N/E,N/E,N/E,N/E,N/E,N/E
7/1/98,48.42864559,,,,,,,,,,,,,,,,,,,,,,,N/E,N/E,N/E,N/E,N/E,N/E,N/E,N/E
8/1/98,48.89421013,,,,,,,,,,,,,,,,,,,,,,,N/E,N/E,N/E,N/E,N/E,N/E,N/E,N/E
9/1/98,49.68721726,,,,,,,,,,,,,,,,,,,,,,,N/E,N/E,N/E,N/E,N/E,N/E,N/E,N/E
10/1/98,50.39922341,,,,,,,,,,,,,,,,,,,,,,,N/E,N/E,N/E,N/E,N/E,N/E,N/E,N/E
11/1/98,51.2917624,,,,,,,,,,,,,,,,,,,,,,,N/E,N/E,N/E,N/E,N/E,N/E,N/E,N/E
12/1/98,52.54326558,,,,,,,,,,,,,,,,,,,,,,,N/E,N/E,N/E,N/E,N/E,N/E,N/E,N/E
1/1/99,53.87012062,,,,,,,,,,,,,,,,,,,,,,,N/E,N/E,N/E,N/E,N/E,N/E,N/E,N/E
2/1/99,54.59408022,,,,,,,,,,,,,,,,,,,,,,,N/E,N/E,N/E,N/E,N/E,N/E,N/E,N/E
3/1/99,55.10129148,,,,,,,,,,,,,,,,,,,,,,,N/E,N/E,N/E,N/E,N/E,N/E,N/E,N/E
4/1/99,55.60697442,,,,,,,,,,,,,,,,,,,,,,,N/E,N/E,N/E,N/E,N/E,N/E,N/E,N/E
5/1/99,55.94148549,,,,,,,,,,,,,,,,,,,,,,,N/E,N/E,N/E,N/E,N/E,N/E,N/E,N/E
6/1/99,56.3090465,,,,,,,,,,,,,,,,,,,,,,,N/E,N/E,N/E,N/E,N/E,N/E,N/E,N/E
7/1/99,56.68119247,,,,,,,,,,,,,,,,,,,,,,,N/E,N/E,N/E,N/E,N/E,N/E,N/E,N/E
8/1/99,57.0002293,,,,,,,,,,,,,,,,,,,,,,,N/E,N/E,N/E,N/E,N/E,N/E,N/E,N/E
9/1/99,57.55099768,,,,,,,,,,,,,,,,,,,,,,,N/E,N/E,N/E,N/E,N/E,N/E,N/E,N/E
10/1/99,57.91550204,,,,,,,,,,,,,,,,,,,,,,,N/E,N/E,N/E,N/E,N/E,N/E,N/E,N/E
11/1/99,58.43054594,,,,,,,,,,,,,,,,,,,,,,,N/E,N/E,N/E,N/E,N/E,N/E,N/E,N/E
12/1/99,59.01589258,,,,,,,,,,,,,,,,,,,,,,,N/E,N/E,N/E,N/E,N/E,N/E,N/E,N/E
1/1/00,59.80832658,,,,,,,,,,,,,,,,,,,,,,,N/E,N/E,N/E,N/E,N/E,N/E,N/E,N/E
2/1/00,60.33884472,,,,,,,,,,,,,,,,,,,,,,,N/E,N/E,N/E,N/E,N/E,N/E,N/E,N/E
3/1/00,60.6733558,,,,,,,,,,,,,,,,,,,,,,,N/E,N/E,N/E,N/E,N/E,N/E,N/E,N/E
4/1/00,61.01856512,,,,,,,,,,,,,,,,,,,,,,,N/E,N/E,N/E,N/E,N/E,N/E,N/E,N/E
5/1/00,61.24666691,,,,,,,,,,,,,,,,,,,,,,,N/E,N/E,N/E,N/E,N/E,N/E,N/E,N/E
6/1/00,61.60945191,,,,,,,,,,,,,,,,,,,,,,,N/E,N/E,N/E,N/E,N/E,N/E,N/E,N/E
7/1/00,61.84978026,,,,,,,,,,,,,,,,,,,,,,,N/E,N/E,N/E,N/E,N/E,N/E,N/E,N/E
8/1/00,62.18964046,,,,,,,,,,,,,,,,,,,,,,,N/E,N/E,N/E,N/E,N/E,N/E,N/E,N/E
9/1/00,62.64393363,,,,,,,,,,,,,,,,,,,,,,,N/E,N/E,N/E,N/E,N/E,N/E,N/E,N/E
10/1/00,63.075302,,,,,,,,,,,,,,,,,,,,,,,N/E,N/E,N/E,N/E,N/E,N/E,N/E,N/E
11/1/00,63.61460798,,,,,,,,,,,,,,,,,,,,,,,N/E,N/E,N/E,N/E,N/E,N/E,N/E,N/E
12/1/00,64.30330726,,,,,,,,,,,,,,,,,,,,,,,N/E,N/E,N/E,N/E,N/E,N/E,N/E,N/E
1/1/01,64.65978794,,,,,,,,,,,,,,,,,,,,,,,N/E,N/E,N/E,N/E,N/E,N/E,N/E,N/E
2/1/01,64.61699498,,,,,,,,,,,,,,,,,,,,,,,N/E,N/E,N/E,N/E,N/E,N/E,N/E,N/E
3/1/01,65.02639374,,,,,,,,,,,,,,,,,,,,,,,N/E,N/E,N/E,N/E,N/E,N/E,N/E,N/E
4/1/01,65.35440947,,,,,,,,,,,,,,,,,,,,,,,N/E,N/E,N/E,N/E,N/E,N/E,N/E,N/E
5/1/01,65.50437588,,,,,,,,,,,,,,,,,,,,,,,N/E,N/E,N/E,N/E,N/E,N/E,N/E,N/E
6/1/01,65.65930934,,,,,,,,,,,,,,,,,,,,,,,N/E,N/E,N/E,N/E,N/E,N/E,N/E,N/E
7/1/01,65.4887106,,,,,,,,,,,,,,,,,,,,,,,N/E,N/E,N/E,N/E,N/E,N/E,N/E,N/E
8/1/01,65.87671289,,,,,,,,,,,,,,,,,,,,,,,N/E,N/E,N/E,N/E,N/E,N/E,N/E,N/E
9/1/01,66.48995136,,,,,,,,,,,,,,,,,,,,,,,N/E,N/E,N/E,N/E,N/E,N/E,N/E,N/E
10/1/01,66.79045731,,,,,,,,,,,,,,,,,,,,,,,N/E,N/E,N/E,N/E,N/E,N/E,N/E,N/E
11/1/01,67.04205702,,,,,,,,,,,,,,,,,,,,,,,N/E,N/E,N/E,N/E,N/E,N/E,N/E,N/E
12/1/01,67.13490247,,,,,,,,,,,,,,,,,,,,,,,N/E,N/E,N/E,N/E,N/E,N/E,N/E,N/E
1/1/02,67.7546363,,,,,,,,,,,,,,,,,,,,,,,N/E,N/E,N/E,N/E,N/E,N/E,N/E,N/E
2/1/02,67.71107918,,,,,,,,,,,,,,,,,,,,,,,N/E,N/E,N/E,N/E,N/E,N/E,N/E,N/E
3/1/02,68.05743473,,,,,,,,,,,,,,,,,,,,,,,N/E,N/E,N/E,N/E,N/E,N/E,N/E,N/E
4/1/02,68.42919862,,,,,,,,,,,,,,,,,,,,,,,N/E,N/E,N/E,N/E,N/E,N/E,N/E,N/E
5/1/02,68.56789368,,,,,,,,,,,,,,,,,,,,,,,N/E,N/E,N/E,N/E,N/E,N/E,N/E,N/E
6/1/02,68.90221371,,,,,,,,,,,,,,,,,,,,,,,N/E,N/E,N/E,N/E,N/E,N/E,N/E,N/E
7/1/02,69.10001172,,,,,,,,,,,,,,,,,,,,,,,N/E,N/E,N/E,N/E,N/E,N/E,N/E,N/E
8/1/02,69.36274679,,,,,,,,,,,,,,,,,,,,,,,N/E,N/E,N/E,N/E,N/E,N/E,N/E,N/E
9/1/02,69.77995076,,,,,,,,,,,,,,,,,,,,,,,N/E,N/E,N/E,N/E,N/E,N/E,N/E,N/E
10/1/02,70.0875094,,,,,,,,,,,,,,,,,,,,,,,N/E,N/E,N/E,N/E,N/E,N/E,N/E,N/E
11/1/02,70.65435513,,,,,,,,,,,,,,,,,,,,,,,N/E,N/E,N/E,N/E,N/E,N/E,N/E,N/E
12/1/02,70.96191376,,,,,,,,,,,,,,,,,,,,,,,N/E,N/E,N/E,N/E,N/E,N/E,N/E,N/E
1/1/03,71.24878459,,,,,,,,,,,,,,,,,,,,,,,N/E,N/E,N/E,N/E,N/E,N/E,N/E,N/E
2/1/03,71.44669788,,,,,,,,,,,,,,,,,,,,,,,N/E,N/E,N/E,N/E,N/E,N/E,N/E,N/E
3/1/03,71.89769193,,,,,,,,,,,,,,,,,,,,,,,N/E,N/E,N/E,N/E,N/E,N/E,N/E,N/E
4/1/03,72.02043955,,,,,,,,,,,,,,,,,,,,,,,N/E,N/E,N/E,N/E,N/E,N/E,N/E,N/E
5/1/03,71.78804659,,,,,,,,,,,,,,,,,,,,,,,N/E,N/E,N/E,N/E,N/E,N/E,N/E,N/E
6/1/03,71.84735162,,,,,,,,,,,,,,,,,,,,,,,N/E,N/E,N/E,N/E,N/E,N/E,N/E,N/E
7/1/03,71.95148021,,,,,,,,,,,,,,,,,,,,,,,N/E,N/E,N/E,N/E,N/E,N/E,N/E,N/E
8/1/03,72.16732293,,,,,,,,,,,,,,,,,,,,,,,N/E,N/E,N/E,N/E,N/E,N/E,N/E,N/E
9/1/03,72.59693958,,,,,,,,,,,,,,,,,,,,,,,N/E,N/E,N/E,N/E,N/E,N/E,N/E,N/E
10/1/03,72.86312262,,,,,,,,,,,,,,,,,,,,,,,N/E,N/E,N/E,N/E,N/E,N/E,N/E,N/E
11/1/03,73.46789598,,,,,,,,,,,,,,,,,,,,,,,N/E,N/E,N/E,N/E,N/E,N/E,N/E,N/E
12/1/03,73.78372973,,,,,,,,,,,,,,,,,,,,,,,N/E,N/E,N/E,N/E,N/E,N/E,N/E,N/E
1/1/04,74.24230931,,,,,,,,,,,,,,,,,,,,,,,N/E,N/E,N/E,N/E,N/E,N/E,N/E,N/E
2/1/04,74.68640743,,,,,,,,,,,,,,,,,,,,,,,N/E,N/E,N/E,N/E,N/E,N/E,N/E,N/E
3/1/04,74.93948818,,,,,,,,,,,,,,,,,,,,,,,N/E,N/E,N/E,N/E,N/E,N/E,N/E,N/E
4/1/04,75.05258149,,,,,,,,,,,,,,,,,,,,,,,N/E,N/E,N/E,N/E,N/E,N/E,N/E,N/E
5/1/04,74.86432251,,,,,,,,,,,,,,,,,,,,,,,N/E,N/E,N/E,N/E,N/E,N/E,N/E,N/E
6/1/04,74.98431175,,,,,,,,,,,,,,,,,,,,,,,N/E,N/E,N/E,N/E,N/E,N/E,N/E,N/E
7/1/04,75.18084586,,,,,,,,,,,,,,,,,,,,,,,N/E,N/E,N/E,N/E,N/E,N/E,N/E,N/E
8/1/04,75.64494218,,,,,,,,,,,,,,,,,,,,,,,N/E,N/E,N/E,N/E,N/E,N/E,N/E,N/E
9/1/04,76.27040334,,,,,,,,,,,,,,,,,,,,,,,N/E,N/E,N/E,N/E,N/E,N/E,N/E,N/E
10/1/04,76.79863185,,,,,,,,,,,,,,,,,,,,,,,N/E,N/E,N/E,N/E,N/E,N/E,N/E,N/E
11/1/04,77.45374553,,,,,,,,,,,,,,,,,,,,,,,N/E,N/E,N/E,N/E,N/E,N/E,N/E,N/E
12/1/04,77.61373118,,,,,,,,,,,,,,,,,,,,,,,N/E,N/E,N/E,N/E,N/E,N/E,N/E,N/E
1/1/05,77.61648956,,,,,,,,,,,,,,,,,,,,,,,N/E,N/E,N/E,N/E,N/E,N/E,N/E,N/E
2/1/05,77.87508706,,,,,,,,,,,,,,,,,,,,,,,N/E,N/E,N/E,N/E,N/E,N/E,N/E,N/E
3/1/05,78.22609007,,,,,,,,,,,,,,,,,,,,,,,N/E,N/E,N/E,N/E,N/E,N/E,N/E,N/E
4/1/05,78.50468579,,,,,,,,,,,,,,,,,,,,,,,N/E,N/E,N/E,N/E,N/E,N/E,N/E,N/E
5/1/05,78.30746209,,,,,,,,,,,,,,,,,,,,,,,N/E,N/E,N/E,N/E,N/E,N/E,N/E,N/E
6/1/05,78.23229641,,,,,,,,,,,,,,,,,,,,,,,N/E,N/E,N/E,N/E,N/E,N/E,N/E,N/E
7/1/05,78.53847586,,,,,,,,,,,,,,,,,,,,,,,N/E,N/E,N/E,N/E,N/E,N/E,N/E,N/E
8/1/05,78.63226056,,,,,,,,,,,,,,,,,,,,,,,N/E,N/E,N/E,N/E,N/E,N/E,N/E,N/E
9/1/05,78.94740472,,,,,,,,,,,,,,,,,,,,,,,N/E,N/E,N/E,N/E,N/E,N/E,N/E,N/E
10/1/05,79.14118045,,,,,,,,,,,,,,,,,,,,,,,N/E,N/E,N/E,N/E,N/E,N/E,N/E,N/E
11/1/05,79.71078455,,,,,,,,,,,,,,,,,,,,,,,N/E,N/E,N/E,N/E,N/E,N/E,N/E,N/E
12/1/05,80.20039583,,,,,,,,,,,,,,,,,,,,,,,N/E,N/E,N/E,N/E,N/E,N/E,N/E,N/E
1/1/06,80.67069849,,,,,,,,,,,,,,,,,,,,,,,N/E,N/E,N/E,N/E,N/E,N/E,N/E,N/E
2/1/06,80.7941357,,,,,,,,,,,,,,,,,,,,,,,N/E,N/E,N/E,N/E,N/E,N/E,N/E,N/E
3/1/06,80.89550592,,,,,,,,,,,,,,,,,,,,,,,N/E,N/E,N/E,N/E,N/E,N/E,N/E,N/E
4/1/06,81.01411598,,,,,,,,,,,,,,,,,,,,,,,N/E,N/E,N/E,N/E,N/E,N/E,N/E,N/E
5/1/06,80.65345866,,,,,,,,,,,,,,,,,,,,,,,N/E,N/E,N/E,N/E,N/E,N/E,N/E,N/E
6/1/06,80.72310758,,,,,,,,,,,,,,,,,,,,,,,N/E,N/E,N/E,N/E,N/E,N/E,N/E,N/E
7/1/06,80.94446705,,,,,,,,,,,,,,,,,,,,,,,N/E,N/E,N/E,N/E,N/E,N/E,N/E,N/E
8/1/06,81.35753346,,,,,,,,,,,,,,,,,,,,,,,N/E,N/E,N/E,N/E,N/E,N/E,N/E,N/E
9/1/06,82.17883914,,,,,,,,,,,,,,,,,,,,,,,N/E,N/E,N/E,N/E,N/E,N/E,N/E,N/E
10/1/06,82.53811727,,,,,,,,,,,,,,,,,,,,,,,N/E,N/E,N/E,N/E,N/E,N/E,N/E,N/E
11/1/06,82.97118189,,,,,,,,,,,,,,,,,,,,,,,N/E,N/E,N/E,N/E,N/E,N/E,N/E,N/E
12/1/06,83.45113886,,,,,,,,,,,,,,,,,,,,,,,N/E,N/E,N/E,N/E,N/E,N/E,N/E,N/E
1/1/07,83.88213471,,,,,,,,,,,,,,,,,,,,,,,N/E,N/E,N/E,N/E,N/E,N/E,N/E,N/E
2/1/07,84.11659644,,,,,,,,,,,,,,,,,,,,,,,N/E,N/E,N/E,N/E,N/E,N/E,N/E,N/E
3/1/07,84.29864909,,,,,,,,,,,,,,,,,,,,,,,N/E,N/E,N/E,N/E,N/E,N/E,N/E,N/E
4/1/07,84.24830877,,,,,,,,,,,,,,,,,,,,,,,N/E,N/E,N/E,N/E,N/E,N/E,N/E,N/E
5/1/07,83.83731114,,,,,,,,,,,,,,,,,,,,,,,N/E,N/E,N/E,N/E,N/E,N/E,N/E,N/E
6/1/07,83.93799177,,,,,,,,,,,,,,,,,,,,,,,N/E,N/E,N/E,N/E,N/E,N/E,N/E,N/E
7/1/07,84.29451153,,,,,,,,,,,,,,,,,,,,,,,N/E,N/E,N/E,N/E,N/E,N/E,N/E,N/E
8/1/07,84.63792901,,,,,,,,,,,,,,,,,,,,,,,N/E,N/E,N/E,N/E,N/E,N/E,N/E,N/E
9/1/07,85.29511147,,,,,,,,,,,,,,,,,,,,,,,N/E,N/E,N/E,N/E,N/E,N/E,N/E,N/E
10/1/07,85.62749547,,,,,,,,,,,,,,,,,,,,,,,N/E,N/E,N/E,N/E,N/E,N/E,N/E,N/E
11/1/07,86.23157924,,,,,,,,,,,,,,,,,,,,,,,N/E,N/E,N/E,N/E,N/E,N/E,N/E,N/E
12/1/07,86.588099,,,,,,,,,,,,,,,,,,,,,,,N/E,N/E,N/E,N/E,N/E,N/E,N/E,N/E
1/1/08,86.98944233,,,,,,,,,,,,,,,,,,,,,,,N/E,N/E,N/E,N/E,N/E,N/E,N/E,N/E
2/1/08,87.24803983,,,,,,,,,,,,,,,,,,,,,,,N/E,N/E,N/E,N/E,N/E,N/E,N/E,N/E
3/1/08,87.88039693,,,,,,,,,,,,,,,,,,,,,,,N/E,N/E,N/E,N/E,N/E,N/E,N/E,N/E
4/1/08,88.080379,,,,,,,,,,,,,,,,,,,,,,,N/E,N/E,N/E,N/E,N/E,N/E,N/E,N/E
5/1/08,87.98521512,,,,,,,,,,,,,,,,,,,,,,,N/E,N/E,N/E,N/E,N/E,N/E,N/E,N/E
6/1/08,88.34932041,,,,,,,,,,,,,,,,,,,,,,,N/E,N/E,N/E,N/E,N/E,N/E,N/E,N/E
7/1/08,88.84169006,,,,,,,,,,,,,,,,,,,,,,,N/E,N/E,N/E,N/E,N/E,N/E,N/E,N/E
8/1/08,89.35474751,,,,,,,,,,,,,,,,,,,,,,,N/E,N/E,N/E,N/E,N/E,N/E,N/E,N/E
9/1/08,89.96365843,,,,,,,,,,,,,,,,,,,,,,,N/E,N/E,N/E,N/E,N/E,N/E,N/E,N/E
10/1/08,90.57670692,,,,,,,,,,,,,,,,,,,,,,,N/E,N/E,N/E,N/E,N/E,N/E,N/E,N/E
11/1/08,91.60626978,,,,,,,,,,,,,,,,,,,,,,,N/E,N/E,N/E,N/E,N/E,N/E,N/E,N/E
12/1/08,92.24069566,,,,,,,,,,,,,,,,,,,,,,,N/E,N/E,N/E,N/E,N/E,N/E,N/E,N/E
1/1/09,92.4544696,,,,,,,,,,,,,,,,,,,,,,,N/E,N/E,N/E,N/E,N/E,N/E,N/E,N/E
2/1/09,92.65858923,,,,,,,,,,,,,,,,,,,,,,,N/E,N/E,N/E,N/E,N/E,N/E,N/E,N/E
3/1/09,93.19164489,,,,,,,,,,,,,,,,,,,,,,,N/E,N/E,N/E,N/E,N/E,N/E,N/E,N/E
4/1/09,93.51782254,,,,,,,,,,,,,,,,,,,,,,,N/E,N/E,N/E,N/E,N/E,N/E,N/E,N/E
5/1/09,93.24543317,,,,,,,,,,,,,,,,,,,,,,,N/E,N/E,N/E,N/E,N/E,N/E,N/E,N/E
6/1/09,93.41714191,,,,,,,,,,,,,,,,,,,,,,,N/E,N/E,N/E,N/E,N/E,N/E,N/E,N/E
7/1/09,93.67160186,,,,,,,,,,,,,,,,,,,,,,,N/E,N/E,N/E,N/E,N/E,N/E,N/E,N/E
8/1/09,93.89571969,,,,,,,,,,,,,,,,,,,,,,,N/E,N/E,N/E,N/E,N/E,N/E,N/E,N/E
9/1/09,94.36671195,,,,,,,,,,,,,,,,,,,,,,,N/E,N/E,N/E,N/E,N/E,N/E,N/E,N/E
10/1/09,94.6522036,,,,,,,,,,,,,,,,,,,,,,,N/E,N/E,N/E,N/E,N/E,N/E,N/E,N/E
11/1/09,95.14319406,,,,,,,,,,,,,,,,,,,,,,,N/E,N/E,N/E,N/E,N/E,N/E,N/E,N/E
12/1/09,95.53695186,,,,,,,,,,,,,,,,,,,,,,,N/E,N/E,N/E,N/E,N/E,N/E,N/E,N/E
1/1/10,96.57547944,,,,,,,,,,,,,,,,,,,,,,,N/E,N/E,N/E,N/E,N/E,N/E,N/E,N/E
2/1/10,97.13405005,,,,,,,,,,,,,,,,,,,,,,,N/E,N/E,N/E,N/E,N/E,N/E,N/E,N/E
3/1/10,97.8236434,,,,,,,,,,,,,,,,,,,,,,,N/E,N/E,N/E,N/E,N/E,N/E,N/E,N/E
4/1/10,97.5119472,,,,,,,,,,,,,,,,,,,,,,,N/E,N/E,N/E,N/E,N/E,N/E,N/E,N/E
5/1/10,96.89751953,,,,,,,,,,,,,,,,,,,,,,,N/E,N/E,N/E,N/E,N/E,N/E,N/E,N/E
6/1/10,96.86717743,,,,,,,,,,,,,,,,,,,,,,,N/E,N/E,N/E,N/E,N/E,N/E,N/E,N/E
7/1/10,97.0775034,,,,,,,,,,,,,,,,,,,,,,,N/E,N/E,N/E,N/E,N/E,N/E,N/E,N/E
8/1/10,97.34713439,,,,,,,,,,,,,,,,,,,,,,,N/E,N/E,N/E,N/E,N/E,N/E,N/E,N/E
9/1/10,97.85743347,,,,,,,,,,,,,,,,,,,,,,,N/E,N/E,N/E,N/E,N/E,N/E,N/E,N/E
10/1/10,98.46151724,,,,,,,,,,,,,,,,,,,,,,,N/E,N/E,N/E,N/E,N/E,N/E,N/E,N/E
11/1/10,99.25041203,,,,,,,,,,,,,,,,,,,,,,,N/E,N/E,N/E,N/E,N/E,N/E,N/E,N/E
12/1/10,99.74209209,,,,,,,,,,,,,,,,,,,,,,,0.3277,0.1717,-0.0032,0.156,0.1282,0.1674,0.0374,0.0142
1/1/11,100.228,,,,,,,,,,,,,,,,,,,,,,,0.35,0.25,0.04,0.09,0.04,0.14,0.15,0.06
2/1/11,100.604,,,,,,,,,,,,,,,,,,,,,,,0.309169454,0.184672491,0.083948032,0.124496963,0.079650001,0.065909022,0.067105109,0.012694513
3/1/11,100.797,,,,,,,,,,,,,,,,,,,,,,,0.229348536,0.167469935,0.033393571,0.061878601,0.019923544,-0.038074623,0.065296644,-0.007954407
4/1/11,100.789,,,,,,,,,,,,,,,,,,,,,,,0.058010813,0.120528936,0.033231266,-0.062518123,-0.103523787,-0.06515728,-0.314749215,-0.001427747
5/1/11,100.046,,,,,,,,,,,,,,,,,,,,,,,0.137068406,0.098308978,0.021225366,0.038759428,-0.000463682,-0.875031376,-0.550182218,0.018292924
6/1/11,100.041,,,,,,,,,,,,,,,,,,,,,,,0.150340007,0.075159107,0.018319391,0.0751809,0.036346026,-0.155153968,0.058487426,0.00938645
7/1/11,100.521,,,,,,,,,,,,,,,,,,,,,,,N/E,N/E,N/E,N/E,N/E,N/E,N/E,N/E
8/1/11,100.68,,,,,,,,,,,,,,,,,,,,,,,N/E,N/E,N/E,N/E,N/E,N/E,N/E,N/E
9/1/11,100.927,,,,,,,,,,,,,,,,,,,,,,,N/E,N/E,N/E,N/E,N/E,N/E,N/E,N/E
10/1/11,101.608,,,,,,,,,,,,,,,,,,,,,,,N/E,N/E,N/E,N/E,N/E,N/E,N/E,N/E
11/1/11,102.707,,,,,,,,,,,,,,,,,,,,,,,N/E,N/E,N/E,N/E,N/E,N/E,N/E,N/E
12/1/11,103.551,,,,,,,,,,,,,,,,,,,,,,,N/E,N/E,N/E,N/E,N/E,N/E,N/E,N/E
1/1/12,104.284,,,,,,,,,,,,,,,,,,,,,,,N/E,N/E,N/E,N/E,N/E,N/E,N/E,N/E
2/1/12,104.496,,,,,,,,,,,,,,,,,,,,,,,N/E,N/E,N/E,N/E,N/E,N/E,N/E,N/E
3/1/12,104.556,,,,,,,,,,,,,,,,,,,,,,,N/E,N/E,N/E,N/E,N/E,N/E,N/E,N/E
4/1/12,104.228,,,,,,,,,,,,,,,,,,,,,,,N/E,N/E,N/E,N/E,N/E,N/E,N/E,N/E
5/1/12,103.899,,,,,,,,,,,,,,,,,,,,,,,N/E,N/E,N/E,N/E,N/E,N/E,N/E,N/E
6/1/12,104.378,,,,,,,,,,,,,,,,,,,,,,,N/E,N/E,N/E,N/E,N/E,N/E,N/E,N/E
7/1/12,104.964,,,,,,,,,,,,,,,,,,,,,,,N/E,N/E,N/E,N/E,N/E,N/E,N/E,N/E
8/1/12,105.279,,,,,,,,,,,,,,,,,,,,,,,N/E,N/E,N/E,N/E,N/E,N/E,N/E,N/E
9/1/12,105.743,,,,,,,,,,,,,,,,,,,,,,,N/E,N/E,N/E,N/E,N/E,N/E,N/E,N/E
10/1/12,106.278,,,,,,,,,,,,,,,,,,,,,,,N/E,N/E,N/E,N/E,N/E,N/E,N/E,N/E
11/1/12,107,,,,,,,,,,,,,,,,,,,,,,,N/E,N/E,N/E,N/E,N/E,N/E,N/E,N/E
12/1/12,107.246,,,,,,,,,,,,,,,,,,,,,,,N/E,N/E,N/E,N/E,N/E,N/E,N/E,N/E
1/1/13,107.678,,,,,,,,,,,,,,,,,,,,,,,N/E,N/E,N/E,N/E,N/E,N/E,N/E,N/E
2/1/13,108.208,,,,,,,,,,,,,,,,,,,,,,,N/E,N/E,N/E,N/E,N/E,N/E,N/E,N/E
3/1/13,109.002,,,,,,,,,,,,,,,,,,,,,,,N/E,N/E,N/E,N/E,N/E,N/E,N/E,N/E
4/1/13,109.074,,,,,,,,,,,,,,,,,,,,,,,N/E,N/E,N/E,N/E,N/E,N/E,N/E,N/E
5/1/13,108.711,,,,,,,,,,,,,,,,,,,,,,,N/E,N/E,N/E,N/E,N/E,N/E,N/E,N/E
6/1/13,108.645,,,,,,,,,,,,,,,,,,,,,,,N/E,N/E,N/E,N/E,N/E,N/E,N/E,N/E
7/1/13,108.609,,,,,,,,,,,,,,,,,,,,,,,N/E,N/E,N/E,N/E,N/E,N/E,N/E,N/E
8/1/13,108.918,,,,,,,,,,,,,,,,,,,,,,,N/E,N/E,N/E,N/E,N/E,N/E,N/E,N/E
9/1/13,109.328,,,,,,,,,,,,,,,,,,,,,,,N/E,N/E,N/E,N/E,N/E,N/E,N/E,N/E
10/1/13,109.848,,,,,,,,,,,,,,,,,,,,,,,N/E,N/E,N/E,N/E,N/E,N/E,N/E,N/E
11/1/13,110.872,,,,,,,,,,,,,,,,,,,,,,,N/E,N/E,N/E,N/E,N/E,N/E,N/E,N/E
12/1/13,111.508,,,,,,,,,,,,,,,,,,,,,,,N/E,N/E,N/E,N/E,N/E,N/E,N/E,N/E
1/1/14,112.505,,,,,,,,,,,,,,,,,,,,,,,N/E,N/E,N/E,N/E,N/E,N/E,N/E,N/E
2/1/14,112.79,,,,,,,,,,,,,,,,,,,,,,,N/E,N/E,N/E,N/E,N/E,N/E,N/E,N/E
3/1/14,113.099,,,,,,,,,,,,,,,,,,,,,,,N/E,N/E,N/E,N/E,N/E,N/E,N/E,N/E
4/1/14,112.888,,,,,,,,,,,,,,,,,,,,,,,N/E,N/E,N/E,N/E,N/E,N/E,N/E,N/E
5/1/14,112.527,,,,,,,,,,,,,,,,,,,,,,,N/E,N/E,N/E,N/E,N/E,N/E,N/E,N/E
6/1/14,112.722,,,,,,,,,,,,,,,,,,,,,,,N/E,N/E,N/E,N/E,N/E,N/E,N/E,N/E
7/1/14,113.032,,,,,,,,,,,,,,,,,,,,,,,N/E,N/E,N/E,N/E,N/E,N/E,N/E,N/E
8/1/14,113.438,,,,,,,,,,,,,,,,,,,,,,,N/E,N/E,N/E,N/E,N/E,N/E,N/E,N/E
9/1/14,113.939,,,,,,,,,,,,,,,,,,,,,,,N/E,N/E,N/E,N/E,N/E,N/E,N/E,N/E
10/1/14,114.569,,,,,,,,,,,,,,,,,,,,,,,N/E,N/E,N/E,N/E,N/E,N/E,N/E,N/E
11/1/14,115.493,,,,,,,,,,,,,,,,,,,,,,,N/E,N/E,N/E,N/E,N/E,N/E,N/E,N/E
12/1/14,116.059,,,,,,,,,,,,,,,,,,,,,,,N/E,N/E,N/E,N/E,N/E,N/E,N/E,N/E
1/1/15,115.954,,,,,,,,,,,,,,,,,,,,,,,N/E,N/E,N/E,N/E,N/E,N/E,N/E,N/E
2/1/15,116.174,,,,,,,,,,,,,,,,,,,,,,,N/E,N/E,N/E,N/E,N/E,N/E,N/E,N/E
3/1/15,116.647,,,,,,,,,,,,,,,,,,,,,,,N/E,N/E,N/E,N/E,N/E,N/E,N/E,N/E
4/1/15,116.345,,,,,,,,,,,,,,,,,,,,,,,N/E,N/E,N/E,N/E,N/E,N/E,N/E,N/E
5/1/15,115.764,,,,,,,,,,,,,,,,,,,,,,,N/E,N/E,N/E,N/E,N/E,N/E,N/E,N/E
6/1/15,115.958,,,,,,,,,,,,,,,,,,,,,,,N/E,N/E,N/E,N/E,N/E,N/E,N/E,N/E
7/1/15,116.128,,,,,,,,,,,,,,,,,,,,,,,N/E,N/E,N/E,N/E,N/E,N/E,N/E,N/E
8/1/15,116.373,,,,,,,,,,,,,,,,,,,,,,,N/E,N/E,N/E,N/E,N/E,N/E,N/E,N/E
9/1/15,116.809,,,,,,,,,,,,,,,,,,,,,,,N/E,N/E,N/E,N/E,N/E,N/E,N/E,N/E
10/1/15,117.41,,,,,,,,,,,,,,,,,,,,,,,N/E,N/E,N/E,N/E,N/E,N/E,N/E,N/E
11/1/15,118.051,,,,,,,,,,,,,,,,,,,,,,,N/E,N/E,N/E,N/E,N/E,N/E,N/E,N/E
12/1/15,118.532,,,,,,,,,,,,,,,,,,,,,,,N/E,N/E,N/E,N/E,N/E,N/E,N/E,N/E
1/1/16,118.984,,,,,,,,,,,,,,,,,,,,,,,N/E,N/E,N/E,N/E,N/E,N/E,N/E,N/E
2/1/16,119.505,,,,,,,,,,,,,,,,,,,,,,,N/E,N/E,N/E,N/E,N/E,N/E,N/E,N/E
3/1/16,119.681,,,,,,,,,,,,,,,,,,,,,,,N/E,N/E,N/E,N/E,N/E,N/E,N/E,N/E
4/1/16,119.302,,,,,,,,,,,,,,,,,,,,,,,N/E,N/E,N/E,N/E,N/E,N/E,N/E,N/E
5/1/16,118.77,,,,,,,,,,,,,,,,,,,,,,,N/E,N/E,N/E,N/E,N/E,N/E,N/E,N/E
6/1/16,118.901,,,,,,,,,,,,,,,,,,,,,,,N/E,N/E,N/E,N/E,N/E,N/E,N/E,N/E
7/1/16,119.211,,,,,,,,,,,,,,,,,,,,,,,N/E,N/E,N/E,N/E,N/E,N/E,N/E,N/E
8/1/16,119.547,,,,,,,,,,,,,,,,,,,,,,,N/E,N/E,N/E,N/E,N/E,N/E,N/E,N/E
9/1/16,120.277,,,,,,,,,,,,,,,,,,,,,,,N/E,N/E,N/E,N/E,N/E,N/E,N/E,N/E
10/1/16,121.007,,,,,,,,,,,,,,,,,,,,,,,N/E,N/E,N/E,N/E,N/E,N/E,N/E,N/E
11/1/16,121.953,,,,,,,,,,,,,,,,,,,,,,,N/E,N/E,N/E,N/E,N/E,N/E,N/E,N/E
12/1/16,122.515,,,,,,,,,,,,,,,,,,,,,,,N/E,N/E,N/E,N/E,N/E,N/E,N/E,N/E
1/1/17,124.598,,,,,,,,,,,,,,,,,,,,,,,N/E,N/E,N/E,N/E,N/E,N/E,N/E,N/E
2/1/17,125.318,,,,,,,,,,,,,,,,,,,,,,,N/E,N/E,N/E,N/E,N/E,N/E,N/E,N/E
3/1/17,126.087,,,,,,,,,,,,,,,,,,,,,,,N/E,N/E,N/E,N/E,N/E,N/E,N/E,N/E
4/1/17,126.242,,,,,,,,,,,,,,,,,,,,,,,N/E,N/E,N/E,N/E,N/E,N/E,N/E,N/E
5/1/17,126.091,,,,,,,,,,,,,,,,,,,,,,,N/E,N/E,N/E,N/E,N/E,N/E,N/E,N/E
6/1/17,126.408,,,,,,,,,,,,,,,,,,,,,,,N/E,N/E,N/E,N/E,N/E,N/E,N/E,N/E
7/1/17,126.886,,,,,,,,,,,,,,,,,,,,,,,N/E,N/E,N/E,N/E,N/E,N/E,N/E,N/E
8/1/17,127.513,,,,,,,,,,,,,,,,,,,,,,,N/E,N/E,N/E,N/E,N/E,N/E,N/E,N/E
9/1/17,127.912,,,,,,,,,,,,,,,,,,,,,,,N/E,N/E,N/E,N/E,N/E,N/E,N/E,N/E
10/1/17,128.717,,,,,,,,,,,,,,,,,,,,,,,N/E,N/E,N/E,N/E,N/E,N/E,N/E,N/E
11/1/17,130.044,,,,,,,,,,,,,,,,,,,,,,,N/E,N/E,N/E,N/E,N/E,N/E,N/E,N/E
12/1/17,130.813,,,,,,,,,,,,,,,,,,,,,,,N/E,N/E,N/E,N/E,N/E,N/E,N/E,N/E
1/1/18,131.508,,,,,,,,,,,,,,,,,,,,,,,N/E,N/E,N/E,N/E,N/E,N/E,N/E,N/E
2/1/18,132.009,,,,,,,,,,,,,,,,,,,,,,,N/E,N/E,N/E,N/E,N/E,N/E,N/E,N/E